show_id,type,title,country,date_added,listed_in
s1,TV Show,Title 1,United States,2015-01-01,Documentary
s2,Movie,Title 2,India,2015-01-02,Action
s3,Movie,Title 3,Canada,2015-01-03,Comedy
s4,Movie,Title 4,United States,2015-01-04,Drama
s5,TV Show,Title 5,Canada,2015-01-05,Romance
s6,TV Show,Title 6,United States,2015-01-06,Action
s7,TV Show,Title 7,Japan,2015-01-07,Documentary
s8,TV Show,Title 8,Japan,2015-01-08,Drama
s9,TV Show,Title 9,United States,2015-01-09,Action
s10,Movie,Title 10,Canada,2015-01-10,Documentary
s11,TV Show,Title 11,United Kingdom,2015-01-11,Comedy
s12,TV Show,Title 12,United States,2015-01-12,Drama
s13,TV Show,Title 13,Canada,2015-01-13,Drama
s14,TV Show,Title 14,United Kingdom,2015-01-14,Romance
s15,TV Show,Title 15,United Kingdom,2015-01-15,Action
s16,Movie,Title 16,Canada,2015-01-16,Documentary
s17,Movie,Title 17,Canada,2015-01-17,Romance
s18,TV Show,Title 18,Japan,2015-01-18,Drama
s19,TV Show,Title 19,United States,2015-01-19,Comedy
s20,TV Show,Title 20,United States,2015-01-20,Comedy
s21,TV Show,Title 21,Japan,2015-01-21,Comedy
s22,Movie,Title 22,Canada,2015-01-22,Documentary
s23,TV Show,Title 23,Canada,2015-01-23,Action
s24,TV Show,Title 24,United States,2015-01-24,Action
s25,Movie,Title 25,United Kingdom,2015-01-25,Drama
s26,Movie,Title 26,Canada,2015-01-26,Documentary
s27,Movie,Title 27,Japan,2015-01-27,Comedy
s28,Movie,Title 28,Canada,2015-01-28,Action
s29,TV Show,Title 29,United States,2015-01-29,Romance
s30,Movie,Title 30,United Kingdom,2015-01-30,Romance
s31,Movie,Title 31,United States,2015-01-31,Documentary
s32,Movie,Title 32,Japan,2015-02-01,Action
s33,Movie,Title 33,India,2015-02-02,Comedy
s34,Movie,Title 34,United Kingdom,2015-02-03,Action
s35,TV Show,Title 35,Canada,2015-02-04,Drama
s36,TV Show,Title 36,India,2015-02-05,Romance
s37,TV Show,Title 37,Canada,2015-02-06,Comedy
s38,TV Show,Title 38,Canada,2015-02-07,Action
s39,Movie,Title 39,Canada,2015-02-08,Comedy
s40,TV Show,Title 40,United States,2015-02-09,Action
s41,Movie,Title 41,Canada,2015-02-10,Action
s42,Movie,Title 42,Japan,2015-02-11,Drama
s43,TV Show,Title 43,United States,2015-02-12,Drama
s44,TV Show,Title 44,Canada,2015-02-13,Documentary
s45,Movie,Title 45,United States,2015-02-14,Romance
s46,Movie,Title 46,Canada,2015-02-15,Documentary
s47,TV Show,Title 47,United States,2015-02-16,Comedy
s48,Movie,Title 48,Canada,2015-02-17,Drama
s49,Movie,Title 49,India,2015-02-18,Drama
s50,Movie,Title 50,Japan,2015-02-19,Comedy
s51,Movie,Title 51,United Kingdom,2015-02-20,Drama
s52,TV Show,Title 52,Japan,2015-02-21,Drama
s53,Movie,Title 53,United Kingdom,2015-02-22,Comedy
s54,Movie,Title 54,Canada,2015-02-23,Comedy
s55,Movie,Title 55,United States,2015-02-24,Drama
s56,TV Show,Title 56,Japan,2015-02-25,Documentary
s57,Movie,Title 57,United States,2015-02-26,Action
s58,Movie,Title 58,United Kingdom,2015-02-27,Romance
s59,TV Show,Title 59,United States,2015-02-28,Drama
s60,Movie,Title 60,United Kingdom,2015-03-01,Romance
s61,TV Show,Title 61,Canada,2015-03-02,Romance
s62,TV Show,Title 62,United Kingdom,2015-03-03,Romance
s63,Movie,Title 63,United States,2015-03-04,Drama
s64,Movie,Title 64,India,2015-03-05,Comedy
s65,TV Show,Title 65,United States,2015-03-06,Action
s66,TV Show,Title 66,India,2015-03-07,Romance
s67,TV Show,Title 67,India,2015-03-08,Action
s68,TV Show,Title 68,Japan,2015-03-09,Comedy
s69,Movie,Title 69,Canada,2015-03-10,Comedy
s70,TV Show,Title 70,Japan,2015-03-11,Drama
s71,TV Show,Title 71,India,2015-03-12,Romance
s72,TV Show,Title 72,United Kingdom,2015-03-13,Documentary
s73,Movie,Title 73,India,2015-03-14,Action
s74,Movie,Title 74,Japan,2015-03-15,Drama
s75,TV Show,Title 75,India,2015-03-16,Drama
s76,TV Show,Title 76,India,2015-03-17,Drama
s77,TV Show,Title 77,Japan,2015-03-18,Documentary
s78,Movie,Title 78,Canada,2015-03-19,Documentary
s79,TV Show,Title 79,United States,2015-03-20,Documentary
s80,TV Show,Title 80,United Kingdom,2015-03-21,Comedy
s81,Movie,Title 81,India,2015-03-22,Romance
s82,Movie,Title 82,United Kingdom,2015-03-23,Romance
s83,Movie,Title 83,Japan,2015-03-24,Documentary
s84,TV Show,Title 84,Canada,2015-03-25,Comedy
s85,Movie,Title 85,United Kingdom,2015-03-26,Romance
s86,TV Show,Title 86,United Kingdom,2015-03-27,Documentary
s87,TV Show,Title 87,United States,2015-03-28,Romance
s88,TV Show,Title 88,Japan,2015-03-29,Drama
s89,TV Show,Title 89,Japan,2015-03-30,Drama
s90,Movie,Title 90,Japan,2015-03-31,Drama
s91,Movie,Title 91,United States,2015-04-01,Drama
s92,Movie,Title 92,Canada,2015-04-02,Romance
s93,Movie,Title 93,India,2015-04-03,Romance
s94,Movie,Title 94,India,2015-04-04,Documentary
s95,TV Show,Title 95,Canada,2015-04-05,Comedy
s96,TV Show,Title 96,United Kingdom,2015-04-06,Action
s97,Movie,Title 97,United Kingdom,2015-04-07,Documentary
s98,TV Show,Title 98,United States,2015-04-08,Documentary
s99,TV Show,Title 99,Japan,2015-04-09,Romance
s100,TV Show,Title 100,United Kingdom,2015-04-10,Romance
s101,TV Show,Title 101,India,2015-04-11,Comedy
s102,Movie,Title 102,Canada,2015-04-12,Comedy
s103,TV Show,Title 103,India,2015-04-13,Romance
s104,Movie,Title 104,India,2015-04-14,Drama
s105,TV Show,Title 105,India,2015-04-15,Drama
s106,Movie,Title 106,Canada,2015-04-16,Romance
s107,Movie,Title 107,Canada,2015-04-17,Drama
s108,Movie,Title 108,United Kingdom,2015-04-18,Romance
s109,TV Show,Title 109,Japan,2015-04-19,Romance
s110,TV Show,Title 110,India,2015-04-20,Romance
s111,Movie,Title 111,United Kingdom,2015-04-21,Romance
s112,TV Show,Title 112,India,2015-04-22,Drama
s113,TV Show,Title 113,United States,2015-04-23,Action
s114,TV Show,Title 114,United States,2015-04-24,Documentary
s115,TV Show,Title 115,United Kingdom,2015-04-25,Drama
s116,TV Show,Title 116,India,2015-04-26,Romance
s117,TV Show,Title 117,United States,2015-04-27,Drama
s118,Movie,Title 118,United States,2015-04-28,Drama
s119,TV Show,Title 119,Japan,2015-04-29,Action
s120,Movie,Title 120,Canada,2015-04-30,Drama
s121,Movie,Title 121,United Kingdom,2015-05-01,Documentary
s122,Movie,Title 122,India,2015-05-02,Action
s123,Movie,Title 123,India,2015-05-03,Documentary
s124,Movie,Title 124,Canada,2015-05-04,Action
s125,TV Show,Title 125,India,2015-05-05,Action
s126,Movie,Title 126,Japan,2015-05-06,Action
s127,Movie,Title 127,United Kingdom,2015-05-07,Romance
s128,Movie,Title 128,Canada,2015-05-08,Action
s129,Movie,Title 129,India,2015-05-09,Comedy
s130,Movie,Title 130,United States,2015-05-10,Documentary
s131,TV Show,Title 131,United States,2015-05-11,Documentary
s132,TV Show,Title 132,Canada,2015-05-12,Drama
s133,Movie,Title 133,United States,2015-05-13,Documentary
s134,Movie,Title 134,Canada,2015-05-14,Documentary
s135,Movie,Title 135,India,2015-05-15,Action
s136,TV Show,Title 136,United States,2015-05-16,Comedy
s137,TV Show,Title 137,Japan,2015-05-17,Comedy
s138,TV Show,Title 138,United Kingdom,2015-05-18,Romance
s139,TV Show,Title 139,United Kingdom,2015-05-19,Comedy
s140,Movie,Title 140,Canada,2015-05-20,Comedy
s141,TV Show,Title 141,Canada,2015-05-21,Drama
s142,TV Show,Title 142,United States,2015-05-22,Documentary
s143,Movie,Title 143,Japan,2015-05-23,Drama
s144,Movie,Title 144,United Kingdom,2015-05-24,Romance
s145,Movie,Title 145,United States,2015-05-25,Documentary
s146,TV Show,Title 146,United States,2015-05-26,Comedy
s147,TV Show,Title 147,India,2015-05-27,Romance
s148,Movie,Title 148,India,2015-05-28,Action
s149,TV Show,Title 149,United States,2015-05-29,Documentary
s150,TV Show,Title 150,United States,2015-05-30,Romance
s151,TV Show,Title 151,India,2015-05-31,Action
s152,Movie,Title 152,United States,2015-06-01,Comedy
s153,TV Show,Title 153,Canada,2015-06-02,Comedy
s154,TV Show,Title 154,Canada,2015-06-03,Documentary
s155,TV Show,Title 155,Canada,2015-06-04,Documentary
s156,TV Show,Title 156,Canada,2015-06-05,Romance
s157,TV Show,Title 157,Canada,2015-06-06,Action
s158,TV Show,Title 158,India,2015-06-07,Drama
s159,Movie,Title 159,Japan,2015-06-08,Drama
s160,TV Show,Title 160,India,2015-06-09,Romance
s161,TV Show,Title 161,India,2015-06-10,Action
s162,TV Show,Title 162,United Kingdom,2015-06-11,Romance
s163,TV Show,Title 163,United States,2015-06-12,Action
s164,Movie,Title 164,United States,2015-06-13,Drama
s165,Movie,Title 165,Japan,2015-06-14,Comedy
s166,Movie,Title 166,Canada,2015-06-15,Drama
s167,Movie,Title 167,Canada,2015-06-16,Romance
s168,TV Show,Title 168,Japan,2015-06-17,Romance
s169,TV Show,Title 169,Canada,2015-06-18,Documentary
s170,Movie,Title 170,Japan,2015-06-19,Documentary
s171,Movie,Title 171,United Kingdom,2015-06-20,Comedy
s172,TV Show,Title 172,United States,2015-06-21,Documentary
s173,Movie,Title 173,India,2015-06-22,Drama
s174,TV Show,Title 174,India,2015-06-23,Action
s175,TV Show,Title 175,United Kingdom,2015-06-24,Comedy
s176,TV Show,Title 176,Japan,2015-06-25,Comedy
s177,TV Show,Title 177,India,2015-06-26,Documentary
s178,Movie,Title 178,United States,2015-06-27,Romance
s179,Movie,Title 179,United States,2015-06-28,Action
s180,TV Show,Title 180,United Kingdom,2015-06-29,Action
s181,TV Show,Title 181,United States,2015-06-30,Drama
s182,TV Show,Title 182,India,2015-07-01,Romance
s183,Movie,Title 183,United Kingdom,2015-07-02,Action
s184,Movie,Title 184,Japan,2015-07-03,Documentary
s185,Movie,Title 185,United States,2015-07-04,Romance
s186,TV Show,Title 186,United Kingdom,2015-07-05,Documentary
s187,Movie,Title 187,United Kingdom,2015-07-06,Comedy
s188,Movie,Title 188,Canada,2015-07-07,Action
s189,TV Show,Title 189,Japan,2015-07-08,Action
s190,TV Show,Title 190,Japan,2015-07-09,Documentary
s191,Movie,Title 191,Japan,2015-07-10,Romance
s192,TV Show,Title 192,United Kingdom,2015-07-11,Documentary
s193,TV Show,Title 193,India,2015-07-12,Comedy
s194,Movie,Title 194,Canada,2015-07-13,Drama
s195,Movie,Title 195,India,2015-07-14,Drama
s196,TV Show,Title 196,Japan,2015-07-15,Documentary
s197,TV Show,Title 197,India,2015-07-16,Drama
s198,TV Show,Title 198,India,2015-07-17,Action
s199,Movie,Title 199,Canada,2015-07-18,Drama
s200,Movie,Title 200,India,2015-07-19,Documentary
s201,Movie,Title 201,Japan,2015-07-20,Drama
s202,Movie,Title 202,United States,2015-07-21,Comedy
s203,Movie,Title 203,United Kingdom,2015-07-22,Documentary
s204,TV Show,Title 204,United Kingdom,2015-07-23,Comedy
s205,TV Show,Title 205,United Kingdom,2015-07-24,Romance
s206,TV Show,Title 206,Japan,2015-07-25,Drama
s207,Movie,Title 207,India,2015-07-26,Comedy
s208,Movie,Title 208,United Kingdom,2015-07-27,Drama
s209,TV Show,Title 209,Japan,2015-07-28,Comedy
s210,TV Show,Title 210,United States,2015-07-29,Drama
s211,Movie,Title 211,Canada,2015-07-30,Romance
s212,Movie,Title 212,Canada,2015-07-31,Drama
s213,TV Show,Title 213,Japan,2015-08-01,Drama
s214,TV Show,Title 214,United Kingdom,2015-08-02,Action
s215,Movie,Title 215,India,2015-08-03,Drama
s216,Movie,Title 216,United States,2015-08-04,Comedy
s217,TV Show,Title 217,United Kingdom,2015-08-05,Drama
s218,Movie,Title 218,Canada,2015-08-06,Comedy
s219,TV Show,Title 219,Canada,2015-08-07,Documentary
s220,Movie,Title 220,Canada,2015-08-08,Comedy
s221,TV Show,Title 221,Japan,2015-08-09,Comedy
s222,TV Show,Title 222,Japan,2015-08-10,Action
s223,TV Show,Title 223,Canada,2015-08-11,Drama
s224,TV Show,Title 224,Canada,2015-08-12,Drama
s225,Movie,Title 225,United States,2015-08-13,Documentary
s226,Movie,Title 226,United Kingdom,2015-08-14,Romance
s227,TV Show,Title 227,United Kingdom,2015-08-15,Comedy
s228,TV Show,Title 228,Canada,2015-08-16,Romance
s229,Movie,Title 229,United States,2015-08-17,Documentary
s230,TV Show,Title 230,United Kingdom,2015-08-18,Drama
s231,Movie,Title 231,Japan,2015-08-19,Drama
s232,TV Show,Title 232,United Kingdom,2015-08-20,Romance
s233,TV Show,Title 233,United Kingdom,2015-08-21,Drama
s234,Movie,Title 234,Canada,2015-08-22,Action
s235,Movie,Title 235,Japan,2015-08-23,Drama
s236,TV Show,Title 236,India,2015-08-24,Comedy
s237,TV Show,Title 237,India,2015-08-25,Drama
s238,Movie,Title 238,India,2015-08-26,Comedy
s239,TV Show,Title 239,United States,2015-08-27,Comedy
s240,TV Show,Title 240,Canada,2015-08-28,Documentary
s241,TV Show,Title 241,Japan,2015-08-29,Comedy
s242,Movie,Title 242,United Kingdom,2015-08-30,Documentary
s243,TV Show,Title 243,United Kingdom,2015-08-31,Documentary
s244,Movie,Title 244,Japan,2015-09-01,Comedy
s245,TV Show,Title 245,United Kingdom,2015-09-02,Action
s246,Movie,Title 246,Canada,2015-09-03,Documentary
s247,TV Show,Title 247,United Kingdom,2015-09-04,Documentary
s248,TV Show,Title 248,India,2015-09-05,Documentary
s249,Movie,Title 249,United States,2015-09-06,Documentary
s250,TV Show,Title 250,Japan,2015-09-07,Documentary
s251,Movie,Title 251,Canada,2015-09-08,Romance
s252,Movie,Title 252,Japan,2015-09-09,Action
s253,Movie,Title 253,Japan,2015-09-10,Comedy
s254,TV Show,Title 254,United States,2015-09-11,Comedy
s255,Movie,Title 255,United Kingdom,2015-09-12,Comedy
s256,Movie,Title 256,Canada,2015-09-13,Comedy
s257,Movie,Title 257,Japan,2015-09-14,Action
s258,Movie,Title 258,United Kingdom,2015-09-15,Comedy
s259,Movie,Title 259,India,2015-09-16,Action
s260,Movie,Title 260,United States,2015-09-17,Comedy
s261,TV Show,Title 261,Japan,2015-09-18,Drama
s262,Movie,Title 262,United Kingdom,2015-09-19,Action
s263,TV Show,Title 263,United Kingdom,2015-09-20,Romance
s264,TV Show,Title 264,Canada,2015-09-21,Comedy
s265,Movie,Title 265,United States,2015-09-22,Romance
s266,Movie,Title 266,Canada,2015-09-23,Drama
s267,TV Show,Title 267,Japan,2015-09-24,Romance
s268,TV Show,Title 268,Canada,2015-09-25,Drama
s269,Movie,Title 269,Japan,2015-09-26,Romance
s270,Movie,Title 270,United States,2015-09-27,Drama
s271,Movie,Title 271,Japan,2015-09-28,Drama
s272,Movie,Title 272,United States,2015-09-29,Romance
s273,Movie,Title 273,Canada,2015-09-30,Drama
s274,Movie,Title 274,Japan,2015-10-01,Drama
s275,TV Show,Title 275,Japan,2015-10-02,Drama
s276,Movie,Title 276,United Kingdom,2015-10-03,Comedy
s277,TV Show,Title 277,Canada,2015-10-04,Drama
s278,TV Show,Title 278,United States,2015-10-05,Documentary
s279,Movie,Title 279,Japan,2015-10-06,Drama
s280,Movie,Title 280,India,2015-10-07,Documentary
s281,Movie,Title 281,United States,2015-10-08,Romance
s282,TV Show,Title 282,Canada,2015-10-09,Romance
s283,Movie,Title 283,Japan,2015-10-10,Romance
s284,Movie,Title 284,United Kingdom,2015-10-11,Comedy
s285,TV Show,Title 285,Canada,2015-10-12,Romance
s286,Movie,Title 286,United Kingdom,2015-10-13,Documentary
s287,TV Show,Title 287,United Kingdom,2015-10-14,Comedy
s288,Movie,Title 288,Japan,2015-10-15,Comedy
s289,Movie,Title 289,United Kingdom,2015-10-16,Action
s290,Movie,Title 290,United States,2015-10-17,Action
s291,TV Show,Title 291,United Kingdom,2015-10-18,Drama
s292,Movie,Title 292,Japan,2015-10-19,Comedy
s293,Movie,Title 293,United States,2015-10-20,Documentary
s294,TV Show,Title 294,United Kingdom,2015-10-21,Documentary
s295,TV Show,Title 295,United Kingdom,2015-10-22,Romance
s296,TV Show,Title 296,Japan,2015-10-23,Drama
s297,TV Show,Title 297,United Kingdom,2015-10-24,Romance
s298,Movie,Title 298,Japan,2015-10-25,Action
s299,TV Show,Title 299,India,2015-10-26,Romance
s300,TV Show,Title 300,India,2015-10-27,Drama
s301,TV Show,Title 301,Japan,2015-10-28,Documentary
s302,Movie,Title 302,United Kingdom,2015-10-29,Documentary
s303,Movie,Title 303,India,2015-10-30,Documentary
s304,Movie,Title 304,United Kingdom,2015-10-31,Action
s305,TV Show,Title 305,Canada,2015-11-01,Drama
s306,Movie,Title 306,India,2015-11-02,Action
s307,Movie,Title 307,Canada,2015-11-03,Action
s308,Movie,Title 308,United States,2015-11-04,Romance
s309,Movie,Title 309,Japan,2015-11-05,Comedy
s310,TV Show,Title 310,Canada,2015-11-06,Action
s311,TV Show,Title 311,United States,2015-11-07,Drama
s312,TV Show,Title 312,Canada,2015-11-08,Drama
s313,Movie,Title 313,United States,2015-11-09,Action
s314,Movie,Title 314,India,2015-11-10,Drama
s315,TV Show,Title 315,India,2015-11-11,Comedy
s316,TV Show,Title 316,United States,2015-11-12,Comedy
s317,Movie,Title 317,India,2015-11-13,Comedy
s318,Movie,Title 318,India,2015-11-14,Romance
s319,TV Show,Title 319,Canada,2015-11-15,Documentary
s320,TV Show,Title 320,United States,2015-11-16,Action
s321,Movie,Title 321,United Kingdom,2015-11-17,Action
s322,Movie,Title 322,India,2015-11-18,Comedy
s323,Movie,Title 323,India,2015-11-19,Documentary
s324,TV Show,Title 324,Canada,2015-11-20,Documentary
s325,Movie,Title 325,India,2015-11-21,Drama
s326,Movie,Title 326,Canada,2015-11-22,Comedy
s327,Movie,Title 327,Canada,2015-11-23,Drama
s328,TV Show,Title 328,United Kingdom,2015-11-24,Comedy
s329,Movie,Title 329,Canada,2015-11-25,Action
s330,Movie,Title 330,United Kingdom,2015-11-26,Drama
s331,Movie,Title 331,Canada,2015-11-27,Drama
s332,Movie,Title 332,Canada,2015-11-28,Documentary
s333,Movie,Title 333,Canada,2015-11-29,Drama
s334,TV Show,Title 334,United Kingdom,2015-11-30,Drama
s335,TV Show,Title 335,Canada,2015-12-01,Action
s336,Movie,Title 336,United Kingdom,2015-12-02,Drama
s337,TV Show,Title 337,United Kingdom,2015-12-03,Comedy
s338,Movie,Title 338,United Kingdom,2015-12-04,Documentary
s339,TV Show,Title 339,United States,2015-12-05,Documentary
s340,TV Show,Title 340,Canada,2015-12-06,Romance
s341,Movie,Title 341,Canada,2015-12-07,Documentary
s342,TV Show,Title 342,United States,2015-12-08,Comedy
s343,TV Show,Title 343,United Kingdom,2015-12-09,Action
s344,TV Show,Title 344,Canada,2015-12-10,Drama
s345,TV Show,Title 345,United States,2015-12-11,Romance
s346,Movie,Title 346,India,2015-12-12,Documentary
s347,Movie,Title 347,United States,2015-12-13,Documentary
s348,TV Show,Title 348,Canada,2015-12-14,Comedy
s349,TV Show,Title 349,Japan,2015-12-15,Comedy
s350,Movie,Title 350,United States,2015-12-16,Romance
s351,TV Show,Title 351,United States,2015-12-17,Drama
s352,TV Show,Title 352,Canada,2015-12-18,Comedy
s353,TV Show,Title 353,United States,2015-12-19,Documentary
s354,TV Show,Title 354,Canada,2015-12-20,Action
s355,Movie,Title 355,Canada,2015-12-21,Comedy
s356,TV Show,Title 356,India,2015-12-22,Drama
s357,Movie,Title 357,United States,2015-12-23,Romance
s358,TV Show,Title 358,United States,2015-12-24,Action
s359,TV Show,Title 359,United Kingdom,2015-12-25,Romance
s360,TV Show,Title 360,United Kingdom,2015-12-26,Drama
s361,Movie,Title 361,Canada,2015-12-27,Documentary
s362,Movie,Title 362,United Kingdom,2015-12-28,Action
s363,Movie,Title 363,India,2015-12-29,Comedy
s364,TV Show,Title 364,Canada,2015-12-30,Action
s365,TV Show,Title 365,United Kingdom,2015-12-31,Comedy
s366,TV Show,Title 366,Canada,2016-01-01,Drama
s367,TV Show,Title 367,United Kingdom,2016-01-02,Romance
s368,Movie,Title 368,Canada,2016-01-03,Drama
s369,TV Show,Title 369,United Kingdom,2016-01-04,Comedy
s370,TV Show,Title 370,India,2016-01-05,Comedy
s371,TV Show,Title 371,United Kingdom,2016-01-06,Action
s372,TV Show,Title 372,United States,2016-01-07,Comedy
s373,Movie,Title 373,United States,2016-01-08,Documentary
s374,Movie,Title 374,Japan,2016-01-09,Comedy
s375,TV Show,Title 375,United Kingdom,2016-01-10,Action
s376,Movie,Title 376,Japan,2016-01-11,Action
s377,TV Show,Title 377,United States,2016-01-12,Drama
s378,Movie,Title 378,Canada,2016-01-13,Romance
s379,Movie,Title 379,India,2016-01-14,Documentary
s380,Movie,Title 380,Japan,2016-01-15,Action
s381,TV Show,Title 381,India,2016-01-16,Action
s382,TV Show,Title 382,United States,2016-01-17,Drama
s383,TV Show,Title 383,Japan,2016-01-18,Romance
s384,Movie,Title 384,India,2016-01-19,Documentary
s385,TV Show,Title 385,United Kingdom,2016-01-20,Drama
s386,TV Show,Title 386,India,2016-01-21,Documentary
s387,Movie,Title 387,United States,2016-01-22,Comedy
s388,Movie,Title 388,United Kingdom,2016-01-23,Romance
s389,Movie,Title 389,United States,2016-01-24,Romance
s390,Movie,Title 390,United States,2016-01-25,Romance
s391,Movie,Title 391,United States,2016-01-26,Drama
s392,TV Show,Title 392,Canada,2016-01-27,Action
s393,TV Show,Title 393,Canada,2016-01-28,Documentary
s394,Movie,Title 394,United Kingdom,2016-01-29,Documentary
s395,Movie,Title 395,Japan,2016-01-30,Comedy
s396,Movie,Title 396,United States,2016-01-31,Documentary
s397,TV Show,Title 397,Canada,2016-02-01,Action
s398,Movie,Title 398,Japan,2016-02-02,Comedy
s399,Movie,Title 399,Canada,2016-02-03,Comedy
s400,TV Show,Title 400,Canada,2016-02-04,Romance
s401,TV Show,Title 401,Canada,2016-02-05,Documentary
s402,Movie,Title 402,Japan,2016-02-06,Action
s403,TV Show,Title 403,United Kingdom,2016-02-07,Documentary
s404,TV Show,Title 404,India,2016-02-08,Drama
s405,Movie,Title 405,United Kingdom,2016-02-09,Documentary
s406,Movie,Title 406,Canada,2016-02-10,Comedy
s407,Movie,Title 407,Japan,2016-02-11,Documentary
s408,TV Show,Title 408,Canada,2016-02-12,Documentary
s409,TV Show,Title 409,India,2016-02-13,Comedy
s410,TV Show,Title 410,United States,2016-02-14,Comedy
s411,Movie,Title 411,Canada,2016-02-15,Action
s412,TV Show,Title 412,United States,2016-02-16,Comedy
s413,TV Show,Title 413,India,2016-02-17,Documentary
s414,Movie,Title 414,Canada,2016-02-18,Drama
s415,TV Show,Title 415,United States,2016-02-19,Romance
s416,TV Show,Title 416,Canada,2016-02-20,Drama
s417,TV Show,Title 417,United Kingdom,2016-02-21,Documentary
s418,TV Show,Title 418,India,2016-02-22,Documentary
s419,TV Show,Title 419,Canada,2016-02-23,Comedy
s420,Movie,Title 420,Japan,2016-02-24,Comedy
s421,TV Show,Title 421,United Kingdom,2016-02-25,Romance
s422,Movie,Title 422,United States,2016-02-26,Documentary
s423,Movie,Title 423,United Kingdom,2016-02-27,Action
s424,TV Show,Title 424,India,2016-02-28,Documentary
s425,Movie,Title 425,United States,2016-02-29,Documentary
s426,Movie,Title 426,United States,2016-03-01,Comedy
s427,Movie,Title 427,United Kingdom,2016-03-02,Drama
s428,Movie,Title 428,United States,2016-03-03,Documentary
s429,TV Show,Title 429,Japan,2016-03-04,Documentary
s430,Movie,Title 430,United Kingdom,2016-03-05,Drama
s431,Movie,Title 431,Canada,2016-03-06,Documentary
s432,TV Show,Title 432,United States,2016-03-07,Action
s433,TV Show,Title 433,United Kingdom,2016-03-08,Action
s434,Movie,Title 434,United Kingdom,2016-03-09,Documentary
s435,TV Show,Title 435,United Kingdom,2016-03-10,Comedy
s436,TV Show,Title 436,India,2016-03-11,Documentary
s437,TV Show,Title 437,Canada,2016-03-12,Drama
s438,TV Show,Title 438,United Kingdom,2016-03-13,Comedy
s439,Movie,Title 439,India,2016-03-14,Romance
s440,TV Show,Title 440,Canada,2016-03-15,Action
s441,TV Show,Title 441,India,2016-03-16,Action
s442,Movie,Title 442,India,2016-03-17,Action
s443,TV Show,Title 443,India,2016-03-18,Action
s444,Movie,Title 444,Japan,2016-03-19,Comedy
s445,TV Show,Title 445,United States,2016-03-20,Documentary
s446,TV Show,Title 446,Canada,2016-03-21,Action
s447,TV Show,Title 447,United States,2016-03-22,Drama
s448,TV Show,Title 448,Japan,2016-03-23,Action
s449,Movie,Title 449,India,2016-03-24,Romance
s450,TV Show,Title 450,Canada,2016-03-25,Comedy
s451,TV Show,Title 451,United States,2016-03-26,Romance
s452,Movie,Title 452,India,2016-03-27,Comedy
s453,Movie,Title 453,United Kingdom,2016-03-28,Documentary
s454,TV Show,Title 454,India,2016-03-29,Comedy
s455,Movie,Title 455,United States,2016-03-30,Romance
s456,Movie,Title 456,United Kingdom,2016-03-31,Comedy
s457,TV Show,Title 457,Canada,2016-04-01,Documentary
s458,TV Show,Title 458,United Kingdom,2016-04-02,Drama
s459,Movie,Title 459,Canada,2016-04-03,Documentary
s460,TV Show,Title 460,India,2016-04-04,Romance
s461,Movie,Title 461,India,2016-04-05,Documentary
s462,TV Show,Title 462,United States,2016-04-06,Romance
s463,TV Show,Title 463,United States,2016-04-07,Drama
s464,TV Show,Title 464,United States,2016-04-08,Drama
s465,Movie,Title 465,India,2016-04-09,Comedy
s466,Movie,Title 466,United Kingdom,2016-04-10,Documentary
s467,Movie,Title 467,United Kingdom,2016-04-11,Romance
s468,TV Show,Title 468,Japan,2016-04-12,Drama
s469,TV Show,Title 469,Canada,2016-04-13,Romance
s470,TV Show,Title 470,Canada,2016-04-14,Romance
s471,Movie,Title 471,United Kingdom,2016-04-15,Comedy
s472,Movie,Title 472,United States,2016-04-16,Romance
s473,TV Show,Title 473,United Kingdom,2016-04-17,Drama
s474,TV Show,Title 474,Japan,2016-04-18,Drama
s475,Movie,Title 475,Japan,2016-04-19,Action
s476,Movie,Title 476,Japan,2016-04-20,Documentary
s477,TV Show,Title 477,United Kingdom,2016-04-21,Drama
s478,Movie,Title 478,Japan,2016-04-22,Comedy
s479,TV Show,Title 479,United States,2016-04-23,Documentary
s480,Movie,Title 480,India,2016-04-24,Drama
s481,TV Show,Title 481,India,2016-04-25,Romance
s482,Movie,Title 482,Canada,2016-04-26,Comedy
s483,TV Show,Title 483,India,2016-04-27,Drama
s484,TV Show,Title 484,United States,2016-04-28,Romance
s485,TV Show,Title 485,United States,2016-04-29,Action
s486,Movie,Title 486,India,2016-04-30,Drama
s487,Movie,Title 487,Canada,2016-05-01,Romance
s488,TV Show,Title 488,Japan,2016-05-02,Action
s489,Movie,Title 489,United States,2016-05-03,Drama
s490,Movie,Title 490,United Kingdom,2016-05-04,Romance
s491,TV Show,Title 491,Japan,2016-05-05,Documentary
s492,TV Show,Title 492,Canada,2016-05-06,Romance
s493,Movie,Title 493,Canada,2016-05-07,Comedy
s494,TV Show,Title 494,India,2016-05-08,Romance
s495,TV Show,Title 495,United Kingdom,2016-05-09,Romance
s496,TV Show,Title 496,United Kingdom,2016-05-10,Action
s497,TV Show,Title 497,United Kingdom,2016-05-11,Comedy
s498,TV Show,Title 498,India,2016-05-12,Romance
s499,TV Show,Title 499,United Kingdom,2016-05-13,Drama
s500,Movie,Title 500,United States,2016-05-14,Comedy
s501,Movie,Title 501,United Kingdom,2016-05-15,Comedy
s502,Movie,Title 502,Japan,2016-05-16,Comedy
s503,TV Show,Title 503,United Kingdom,2016-05-17,Comedy
s504,TV Show,Title 504,Japan,2016-05-18,Romance
s505,TV Show,Title 505,India,2016-05-19,Action
s506,TV Show,Title 506,Japan,2016-05-20,Action
s507,Movie,Title 507,Japan,2016-05-21,Documentary
s508,TV Show,Title 508,Japan,2016-05-22,Drama
s509,TV Show,Title 509,Japan,2016-05-23,Action
s510,TV Show,Title 510,India,2016-05-24,Documentary
s511,TV Show,Title 511,India,2016-05-25,Romance
s512,TV Show,Title 512,Japan,2016-05-26,Romance
s513,TV Show,Title 513,United Kingdom,2016-05-27,Romance
s514,TV Show,Title 514,United Kingdom,2016-05-28,Documentary
s515,Movie,Title 515,Canada,2016-05-29,Drama
s516,TV Show,Title 516,United Kingdom,2016-05-30,Romance
s517,TV Show,Title 517,United Kingdom,2016-05-31,Documentary
s518,Movie,Title 518,Canada,2016-06-01,Documentary
s519,Movie,Title 519,Canada,2016-06-02,Action
s520,TV Show,Title 520,United Kingdom,2016-06-03,Romance
s521,Movie,Title 521,India,2016-06-04,Romance
s522,TV Show,Title 522,Canada,2016-06-05,Documentary
s523,Movie,Title 523,Canada,2016-06-06,Comedy
s524,TV Show,Title 524,India,2016-06-07,Romance
s525,TV Show,Title 525,India,2016-06-08,Documentary
s526,TV Show,Title 526,United States,2016-06-09,Drama
s527,TV Show,Title 527,Japan,2016-06-10,Comedy
s528,Movie,Title 528,Japan,2016-06-11,Documentary
s529,TV Show,Title 529,Canada,2016-06-12,Drama
s530,TV Show,Title 530,United States,2016-06-13,Action
s531,TV Show,Title 531,United States,2016-06-14,Action
s532,Movie,Title 532,India,2016-06-15,Comedy
s533,TV Show,Title 533,United Kingdom,2016-06-16,Romance
s534,Movie,Title 534,Japan,2016-06-17,Documentary
s535,Movie,Title 535,United Kingdom,2016-06-18,Drama
s536,Movie,Title 536,Japan,2016-06-19,Action
s537,Movie,Title 537,United States,2016-06-20,Drama
s538,Movie,Title 538,Japan,2016-06-21,Comedy
s539,TV Show,Title 539,United States,2016-06-22,Romance
s540,TV Show,Title 540,Japan,2016-06-23,Romance
s541,TV Show,Title 541,Japan,2016-06-24,Comedy
s542,Movie,Title 542,United Kingdom,2016-06-25,Drama
s543,TV Show,Title 543,Japan,2016-06-26,Comedy
s544,TV Show,Title 544,United States,2016-06-27,Documentary
s545,Movie,Title 545,India,2016-06-28,Drama
s546,TV Show,Title 546,India,2016-06-29,Romance
s547,Movie,Title 547,Canada,2016-06-30,Comedy
s548,Movie,Title 548,United Kingdom,2016-07-01,Romance
s549,TV Show,Title 549,United Kingdom,2016-07-02,Romance
s550,TV Show,Title 550,United Kingdom,2016-07-03,Romance
s551,Movie,Title 551,Canada,2016-07-04,Romance
s552,Movie,Title 552,Canada,2016-07-05,Action
s553,Movie,Title 553,United States,2016-07-06,Comedy
s554,Movie,Title 554,United States,2016-07-07,Documentary
s555,TV Show,Title 555,Japan,2016-07-08,Romance
s556,Movie,Title 556,Canada,2016-07-09,Romance
s557,TV Show,Title 557,Canada,2016-07-10,Documentary
s558,TV Show,Title 558,Japan,2016-07-11,Documentary
s559,TV Show,Title 559,United States,2016-07-12,Drama
s560,Movie,Title 560,India,2016-07-13,Documentary
s561,TV Show,Title 561,India,2016-07-14,Action
s562,Movie,Title 562,United States,2016-07-15,Comedy
s563,Movie,Title 563,India,2016-07-16,Romance
s564,Movie,Title 564,Canada,2016-07-17,Action
s565,TV Show,Title 565,United Kingdom,2016-07-18,Documentary
s566,TV Show,Title 566,United States,2016-07-19,Drama
s567,Movie,Title 567,India,2016-07-20,Comedy
s568,Movie,Title 568,India,2016-07-21,Romance
s569,TV Show,Title 569,Japan,2016-07-22,Action
s570,Movie,Title 570,Japan,2016-07-23,Documentary
s571,Movie,Title 571,Canada,2016-07-24,Documentary
s572,Movie,Title 572,India,2016-07-25,Comedy
s573,Movie,Title 573,United States,2016-07-26,Romance
s574,TV Show,Title 574,United States,2016-07-27,Action
s575,TV Show,Title 575,United States,2016-07-28,Romance
s576,TV Show,Title 576,United States,2016-07-29,Action
s577,TV Show,Title 577,United Kingdom,2016-07-30,Documentary
s578,TV Show,Title 578,Japan,2016-07-31,Comedy
s579,Movie,Title 579,India,2016-08-01,Comedy
s580,Movie,Title 580,United States,2016-08-02,Action
s581,Movie,Title 581,Canada,2016-08-03,Romance
s582,Movie,Title 582,United States,2016-08-04,Action
s583,Movie,Title 583,United States,2016-08-05,Action
s584,TV Show,Title 584,Japan,2016-08-06,Romance
s585,TV Show,Title 585,India,2016-08-07,Romance
s586,TV Show,Title 586,United States,2016-08-08,Documentary
s587,Movie,Title 587,Canada,2016-08-09,Drama
s588,TV Show,Title 588,Canada,2016-08-10,Romance
s589,TV Show,Title 589,Japan,2016-08-11,Romance
s590,Movie,Title 590,Japan,2016-08-12,Action
s591,TV Show,Title 591,Canada,2016-08-13,Romance
s592,TV Show,Title 592,India,2016-08-14,Documentary
s593,Movie,Title 593,United Kingdom,2016-08-15,Romance
s594,TV Show,Title 594,Canada,2016-08-16,Romance
s595,Movie,Title 595,United Kingdom,2016-08-17,Drama
s596,TV Show,Title 596,Canada,2016-08-18,Comedy
s597,Movie,Title 597,United States,2016-08-19,Comedy
s598,TV Show,Title 598,Japan,2016-08-20,Comedy
s599,TV Show,Title 599,United States,2016-08-21,Documentary
s600,Movie,Title 600,United Kingdom,2016-08-22,Action
s601,Movie,Title 601,Japan,2016-08-23,Action
s602,Movie,Title 602,Japan,2016-08-24,Documentary
s603,TV Show,Title 603,Canada,2016-08-25,Drama
s604,Movie,Title 604,United Kingdom,2016-08-26,Documentary
s605,TV Show,Title 605,United States,2016-08-27,Documentary
s606,Movie,Title 606,United States,2016-08-28,Romance
s607,TV Show,Title 607,Canada,2016-08-29,Documentary
s608,TV Show,Title 608,India,2016-08-30,Romance
s609,Movie,Title 609,United Kingdom,2016-08-31,Comedy
s610,Movie,Title 610,India,2016-09-01,Documentary
s611,TV Show,Title 611,India,2016-09-02,Action
s612,Movie,Title 612,United Kingdom,2016-09-03,Comedy
s613,TV Show,Title 613,Canada,2016-09-04,Comedy
s614,Movie,Title 614,United States,2016-09-05,Drama
s615,TV Show,Title 615,Japan,2016-09-06,Documentary
s616,TV Show,Title 616,United Kingdom,2016-09-07,Documentary
s617,Movie,Title 617,United Kingdom,2016-09-08,Romance
s618,Movie,Title 618,United Kingdom,2016-09-09,Documentary
s619,TV Show,Title 619,Canada,2016-09-10,Romance
s620,Movie,Title 620,Canada,2016-09-11,Romance
s621,TV Show,Title 621,India,2016-09-12,Documentary
s622,TV Show,Title 622,United Kingdom,2016-09-13,Comedy
s623,Movie,Title 623,United States,2016-09-14,Action
s624,Movie,Title 624,United States,2016-09-15,Romance
s625,Movie,Title 625,United States,2016-09-16,Documentary
s626,TV Show,Title 626,Japan,2016-09-17,Documentary
s627,TV Show,Title 627,India,2016-09-18,Romance
s628,Movie,Title 628,United States,2016-09-19,Drama
s629,TV Show,Title 629,Japan,2016-09-20,Action
s630,TV Show,Title 630,India,2016-09-21,Action
s631,TV Show,Title 631,Canada,2016-09-22,Action
s632,TV Show,Title 632,United States,2016-09-23,Documentary
s633,TV Show,Title 633,India,2016-09-24,Action
s634,TV Show,Title 634,Japan,2016-09-25,Drama
s635,Movie,Title 635,India,2016-09-26,Comedy
s636,Movie,Title 636,United States,2016-09-27,Action
s637,Movie,Title 637,Japan,2016-09-28,Action
s638,TV Show,Title 638,Japan,2016-09-29,Romance
s639,Movie,Title 639,Japan,2016-09-30,Documentary
s640,TV Show,Title 640,India,2016-10-01,Drama
s641,Movie,Title 641,United Kingdom,2016-10-02,Drama
s642,Movie,Title 642,Japan,2016-10-03,Action
s643,Movie,Title 643,United Kingdom,2016-10-04,Comedy
s644,Movie,Title 644,Canada,2016-10-05,Drama
s645,Movie,Title 645,India,2016-10-06,Comedy
s646,Movie,Title 646,United States,2016-10-07,Romance
s647,Movie,Title 647,Canada,2016-10-08,Action
s648,TV Show,Title 648,United Kingdom,2016-10-09,Drama
s649,Movie,Title 649,India,2016-10-10,Documentary
s650,Movie,Title 650,Japan,2016-10-11,Comedy
s651,TV Show,Title 651,India,2016-10-12,Drama
s652,Movie,Title 652,Canada,2016-10-13,Action
s653,Movie,Title 653,United States,2016-10-14,Action
s654,TV Show,Title 654,India,2016-10-15,Romance
s655,Movie,Title 655,United Kingdom,2016-10-16,Drama
s656,Movie,Title 656,United States,2016-10-17,Action
s657,Movie,Title 657,India,2016-10-18,Documentary
s658,Movie,Title 658,United States,2016-10-19,Comedy
s659,Movie,Title 659,United Kingdom,2016-10-20,Romance
s660,Movie,Title 660,United States,2016-10-21,Drama
s661,TV Show,Title 661,United States,2016-10-22,Drama
s662,TV Show,Title 662,United States,2016-10-23,Documentary
s663,TV Show,Title 663,Japan,2016-10-24,Action
s664,Movie,Title 664,Canada,2016-10-25,Action
s665,Movie,Title 665,United States,2016-10-26,Drama
s666,TV Show,Title 666,United Kingdom,2016-10-27,Romance
s667,Movie,Title 667,India,2016-10-28,Comedy
s668,Movie,Title 668,Canada,2016-10-29,Action
s669,Movie,Title 669,India,2016-10-30,Comedy
s670,Movie,Title 670,Japan,2016-10-31,Documentary
s671,Movie,Title 671,Canada,2016-11-01,Romance
s672,TV Show,Title 672,Japan,2016-11-02,Documentary
s673,Movie,Title 673,India,2016-11-03,Romance
s674,Movie,Title 674,Canada,2016-11-04,Documentary
s675,TV Show,Title 675,United Kingdom,2016-11-05,Action
s676,TV Show,Title 676,India,2016-11-06,Documentary
s677,Movie,Title 677,India,2016-11-07,Romance
s678,Movie,Title 678,Japan,2016-11-08,Romance
s679,TV Show,Title 679,Canada,2016-11-09,Drama
s680,TV Show,Title 680,Canada,2016-11-10,Romance
s681,TV Show,Title 681,United Kingdom,2016-11-11,Comedy
s682,Movie,Title 682,Canada,2016-11-12,Romance
s683,TV Show,Title 683,United States,2016-11-13,Comedy
s684,Movie,Title 684,Canada,2016-11-14,Documentary
s685,TV Show,Title 685,Japan,2016-11-15,Romance
s686,Movie,Title 686,Japan,2016-11-16,Drama
s687,TV Show,Title 687,United Kingdom,2016-11-17,Comedy
s688,Movie,Title 688,United Kingdom,2016-11-18,Action
s689,Movie,Title 689,India,2016-11-19,Documentary
s690,Movie,Title 690,Japan,2016-11-20,Action
s691,Movie,Title 691,India,2016-11-21,Documentary
s692,Movie,Title 692,United Kingdom,2016-11-22,Drama
s693,Movie,Title 693,Canada,2016-11-23,Documentary
s694,Movie,Title 694,United States,2016-11-24,Documentary
s695,Movie,Title 695,Japan,2016-11-25,Action
s696,TV Show,Title 696,India,2016-11-26,Documentary
s697,Movie,Title 697,United States,2016-11-27,Drama
s698,TV Show,Title 698,United Kingdom,2016-11-28,Romance
s699,TV Show,Title 699,India,2016-11-29,Documentary
s700,TV Show,Title 700,Canada,2016-11-30,Comedy
s701,Movie,Title 701,Japan,2016-12-01,Romance
s702,TV Show,Title 702,India,2016-12-02,Action
s703,TV Show,Title 703,United Kingdom,2016-12-03,Drama
s704,TV Show,Title 704,United States,2016-12-04,Action
s705,Movie,Title 705,Japan,2016-12-05,Documentary
s706,TV Show,Title 706,Japan,2016-12-06,Documentary
s707,Movie,Title 707,United Kingdom,2016-12-07,Comedy
s708,Movie,Title 708,United States,2016-12-08,Romance
s709,TV Show,Title 709,United States,2016-12-09,Drama
s710,Movie,Title 710,United States,2016-12-10,Romance
s711,TV Show,Title 711,United Kingdom,2016-12-11,Documentary
s712,TV Show,Title 712,Canada,2016-12-12,Documentary
s713,TV Show,Title 713,United States,2016-12-13,Romance
s714,TV Show,Title 714,Canada,2016-12-14,Action
s715,Movie,Title 715,Canada,2016-12-15,Comedy
s716,Movie,Title 716,Canada,2016-12-16,Comedy
s717,Movie,Title 717,India,2016-12-17,Romance
s718,TV Show,Title 718,Japan,2016-12-18,Documentary
s719,TV Show,Title 719,United Kingdom,2016-12-19,Action
s720,TV Show,Title 720,India,2016-12-20,Drama
s721,TV Show,Title 721,India,2016-12-21,Romance
s722,TV Show,Title 722,India,2016-12-22,Documentary
s723,TV Show,Title 723,Canada,2016-12-23,Comedy
s724,Movie,Title 724,Canada,2016-12-24,Drama
s725,Movie,Title 725,Japan,2016-12-25,Action
s726,TV Show,Title 726,United States,2016-12-26,Romance
s727,Movie,Title 727,United Kingdom,2016-12-27,Documentary
s728,Movie,Title 728,Canada,2016-12-28,Drama
s729,Movie,Title 729,Japan,2016-12-29,Drama
s730,Movie,Title 730,Japan,2016-12-30,Romance
s731,TV Show,Title 731,United States,2016-12-31,Drama
s732,Movie,Title 732,India,2017-01-01,Action
s733,TV Show,Title 733,Canada,2017-01-02,Action
s734,TV Show,Title 734,United Kingdom,2017-01-03,Action
s735,TV Show,Title 735,United States,2017-01-04,Drama
s736,TV Show,Title 736,United Kingdom,2017-01-05,Romance
s737,TV Show,Title 737,India,2017-01-06,Romance
s738,TV Show,Title 738,United Kingdom,2017-01-07,Comedy
s739,TV Show,Title 739,Japan,2017-01-08,Action
s740,Movie,Title 740,United States,2017-01-09,Action
s741,Movie,Title 741,United States,2017-01-10,Action
s742,Movie,Title 742,India,2017-01-11,Drama
s743,Movie,Title 743,United States,2017-01-12,Documentary
s744,TV Show,Title 744,India,2017-01-13,Action
s745,Movie,Title 745,Japan,2017-01-14,Comedy
s746,Movie,Title 746,Japan,2017-01-15,Action
s747,TV Show,Title 747,India,2017-01-16,Drama
s748,Movie,Title 748,United Kingdom,2017-01-17,Comedy
s749,TV Show,Title 749,United Kingdom,2017-01-18,Comedy
s750,Movie,Title 750,Japan,2017-01-19,Documentary
s751,Movie,Title 751,Japan,2017-01-20,Romance
s752,Movie,Title 752,United Kingdom,2017-01-21,Documentary
s753,TV Show,Title 753,United States,2017-01-22,Comedy
s754,Movie,Title 754,Japan,2017-01-23,Romance
s755,Movie,Title 755,Japan,2017-01-24,Comedy
s756,Movie,Title 756,United Kingdom,2017-01-25,Documentary
s757,TV Show,Title 757,Canada,2017-01-26,Action
s758,TV Show,Title 758,United Kingdom,2017-01-27,Comedy
s759,TV Show,Title 759,Canada,2017-01-28,Romance
s760,Movie,Title 760,United Kingdom,2017-01-29,Drama
s761,TV Show,Title 761,United States,2017-01-30,Drama
s762,TV Show,Title 762,India,2017-01-31,Drama
s763,Movie,Title 763,India,2017-02-01,Documentary
s764,TV Show,Title 764,United States,2017-02-02,Action
s765,Movie,Title 765,United States,2017-02-03,Documentary
s766,TV Show,Title 766,United States,2017-02-04,Romance
s767,Movie,Title 767,Canada,2017-02-05,Documentary
s768,TV Show,Title 768,Canada,2017-02-06,Drama
s769,TV Show,Title 769,Canada,2017-02-07,Comedy
s770,Movie,Title 770,Japan,2017-02-08,Comedy
s771,TV Show,Title 771,India,2017-02-09,Documentary
s772,Movie,Title 772,Japan,2017-02-10,Comedy
s773,Movie,Title 773,India,2017-02-11,Drama
s774,TV Show,Title 774,Japan,2017-02-12,Documentary
s775,TV Show,Title 775,United States,2017-02-13,Romance
s776,TV Show,Title 776,United Kingdom,2017-02-14,Action
s777,TV Show,Title 777,Japan,2017-02-15,Action
s778,Movie,Title 778,United States,2017-02-16,Documentary
s779,TV Show,Title 779,United Kingdom,2017-02-17,Drama
s780,Movie,Title 780,Canada,2017-02-18,Drama
s781,TV Show,Title 781,India,2017-02-19,Drama
s782,Movie,Title 782,United States,2017-02-20,Drama
s783,Movie,Title 783,Japan,2017-02-21,Comedy
s784,TV Show,Title 784,United Kingdom,2017-02-22,Drama
s785,TV Show,Title 785,United Kingdom,2017-02-23,Drama
s786,TV Show,Title 786,Canada,2017-02-24,Action
s787,Movie,Title 787,Japan,2017-02-25,Action
s788,Movie,Title 788,India,2017-02-26,Action
s789,TV Show,Title 789,United States,2017-02-27,Comedy
s790,TV Show,Title 790,Japan,2017-02-28,Romance
s791,Movie,Title 791,Canada,2017-03-01,Action
s792,Movie,Title 792,India,2017-03-02,Documentary
s793,Movie,Title 793,India,2017-03-03,Drama
s794,TV Show,Title 794,India,2017-03-04,Documentary
s795,TV Show,Title 795,Japan,2017-03-05,Documentary
s796,TV Show,Title 796,Canada,2017-03-06,Documentary
s797,Movie,Title 797,United Kingdom,2017-03-07,Documentary
s798,TV Show,Title 798,Canada,2017-03-08,Romance
s799,TV Show,Title 799,Canada,2017-03-09,Drama
s800,TV Show,Title 800,Japan,2017-03-10,Drama
s801,TV Show,Title 801,United States,2017-03-11,Romance
s802,TV Show,Title 802,India,2017-03-12,Drama
s803,TV Show,Title 803,Japan,2017-03-13,Action
s804,TV Show,Title 804,Japan,2017-03-14,Comedy
s805,TV Show,Title 805,United Kingdom,2017-03-15,Action
s806,Movie,Title 806,Japan,2017-03-16,Documentary
s807,TV Show,Title 807,United States,2017-03-17,Drama
s808,Movie,Title 808,Japan,2017-03-18,Drama
s809,TV Show,Title 809,Japan,2017-03-19,Romance
s810,TV Show,Title 810,United States,2017-03-20,Action
s811,Movie,Title 811,India,2017-03-21,Documentary
s812,Movie,Title 812,United Kingdom,2017-03-22,Comedy
s813,Movie,Title 813,United Kingdom,2017-03-23,Action
s814,TV Show,Title 814,United States,2017-03-24,Action
s815,Movie,Title 815,Canada,2017-03-25,Drama
s816,Movie,Title 816,India,2017-03-26,Comedy
s817,TV Show,Title 817,United Kingdom,2017-03-27,Drama
s818,TV Show,Title 818,Canada,2017-03-28,Documentary
s819,TV Show,Title 819,Japan,2017-03-29,Drama
s820,TV Show,Title 820,Canada,2017-03-30,Comedy
s821,Movie,Title 821,United States,2017-03-31,Romance
s822,Movie,Title 822,United States,2017-04-01,Comedy
s823,TV Show,Title 823,United States,2017-04-02,Comedy
s824,Movie,Title 824,Canada,2017-04-03,Romance
s825,TV Show,Title 825,United Kingdom,2017-04-04,Documentary
s826,Movie,Title 826,United States,2017-04-05,Action
s827,Movie,Title 827,Japan,2017-04-06,Romance
s828,TV Show,Title 828,Japan,2017-04-07,Comedy
s829,TV Show,Title 829,India,2017-04-08,Romance
s830,Movie,Title 830,Japan,2017-04-09,Drama
s831,TV Show,Title 831,United Kingdom,2017-04-10,Action
s832,Movie,Title 832,United States,2017-04-11,Romance
s833,TV Show,Title 833,Canada,2017-04-12,Action
s834,TV Show,Title 834,India,2017-04-13,Action
s835,Movie,Title 835,Japan,2017-04-14,Action
s836,Movie,Title 836,India,2017-04-15,Drama
s837,Movie,Title 837,India,2017-04-16,Action
s838,Movie,Title 838,Canada,2017-04-17,Action
s839,TV Show,Title 839,Japan,2017-04-18,Drama
s840,Movie,Title 840,India,2017-04-19,Romance
s841,TV Show,Title 841,United Kingdom,2017-04-20,Action
s842,Movie,Title 842,United States,2017-04-21,Action
s843,Movie,Title 843,India,2017-04-22,Action
s844,TV Show,Title 844,United Kingdom,2017-04-23,Comedy
s845,Movie,Title 845,India,2017-04-24,Documentary
s846,Movie,Title 846,United States,2017-04-25,Drama
s847,TV Show,Title 847,Japan,2017-04-26,Drama
s848,Movie,Title 848,Japan,2017-04-27,Romance
s849,TV Show,Title 849,United Kingdom,2017-04-28,Action
s850,Movie,Title 850,United States,2017-04-29,Comedy
s851,Movie,Title 851,India,2017-04-30,Drama
s852,Movie,Title 852,India,2017-05-01,Documentary
s853,TV Show,Title 853,Japan,2017-05-02,Comedy
s854,TV Show,Title 854,Japan,2017-05-03,Drama
s855,Movie,Title 855,United States,2017-05-04,Action
s856,Movie,Title 856,United Kingdom,2017-05-05,Romance
s857,Movie,Title 857,Canada,2017-05-06,Comedy
s858,TV Show,Title 858,Canada,2017-05-07,Documentary
s859,TV Show,Title 859,United Kingdom,2017-05-08,Action
s860,Movie,Title 860,Japan,2017-05-09,Action
s861,TV Show,Title 861,Canada,2017-05-10,Action
s862,TV Show,Title 862,India,2017-05-11,Action
s863,Movie,Title 863,India,2017-05-12,Action
s864,Movie,Title 864,United States,2017-05-13,Romance
s865,Movie,Title 865,United Kingdom,2017-05-14,Comedy
s866,TV Show,Title 866,Canada,2017-05-15,Comedy
s867,TV Show,Title 867,Japan,2017-05-16,Comedy
s868,TV Show,Title 868,Japan,2017-05-17,Action
s869,TV Show,Title 869,Canada,2017-05-18,Drama
s870,Movie,Title 870,Japan,2017-05-19,Romance
s871,TV Show,Title 871,Japan,2017-05-20,Romance
s872,TV Show,Title 872,Japan,2017-05-21,Drama
s873,Movie,Title 873,India,2017-05-22,Drama
s874,Movie,Title 874,United Kingdom,2017-05-23,Action
s875,Movie,Title 875,United Kingdom,2017-05-24,Drama
s876,Movie,Title 876,Japan,2017-05-25,Drama
s877,TV Show,Title 877,Japan,2017-05-26,Documentary
s878,Movie,Title 878,India,2017-05-27,Romance
s879,TV Show,Title 879,United Kingdom,2017-05-28,Romance
s880,TV Show,Title 880,India,2017-05-29,Action
s881,Movie,Title 881,Canada,2017-05-30,Action
s882,TV Show,Title 882,United Kingdom,2017-05-31,Documentary
s883,Movie,Title 883,India,2017-06-01,Documentary
s884,TV Show,Title 884,India,2017-06-02,Drama
s885,Movie,Title 885,India,2017-06-03,Drama
s886,TV Show,Title 886,United Kingdom,2017-06-04,Comedy
s887,Movie,Title 887,United States,2017-06-05,Romance
s888,Movie,Title 888,United States,2017-06-06,Drama
s889,Movie,Title 889,India,2017-06-07,Romance
s890,Movie,Title 890,India,2017-06-08,Action
s891,Movie,Title 891,United Kingdom,2017-06-09,Documentary
s892,Movie,Title 892,India,2017-06-10,Documentary
s893,TV Show,Title 893,United Kingdom,2017-06-11,Romance
s894,Movie,Title 894,Japan,2017-06-12,Action
s895,TV Show,Title 895,United States,2017-06-13,Documentary
s896,TV Show,Title 896,Canada,2017-06-14,Romance
s897,TV Show,Title 897,Japan,2017-06-15,Drama
s898,TV Show,Title 898,United Kingdom,2017-06-16,Drama
s899,TV Show,Title 899,United States,2017-06-17,Documentary
s900,Movie,Title 900,Canada,2017-06-18,Action
s901,Movie,Title 901,United States,2017-06-19,Romance
s902,Movie,Title 902,India,2017-06-20,Documentary
s903,Movie,Title 903,Japan,2017-06-21,Drama
s904,Movie,Title 904,Canada,2017-06-22,Action
s905,Movie,Title 905,United Kingdom,2017-06-23,Action
s906,Movie,Title 906,Canada,2017-06-24,Action
s907,Movie,Title 907,United States,2017-06-25,Documentary
s908,Movie,Title 908,India,2017-06-26,Romance
s909,TV Show,Title 909,Japan,2017-06-27,Romance
s910,TV Show,Title 910,United Kingdom,2017-06-28,Comedy
s911,TV Show,Title 911,United States,2017-06-29,Documentary
s912,TV Show,Title 912,Canada,2017-06-30,Drama
s913,Movie,Title 913,United States,2017-07-01,Romance
s914,TV Show,Title 914,United States,2017-07-02,Action
s915,Movie,Title 915,Canada,2017-07-03,Comedy
s916,TV Show,Title 916,United Kingdom,2017-07-04,Drama
s917,Movie,Title 917,India,2017-07-05,Drama
s918,TV Show,Title 918,United Kingdom,2017-07-06,Action
s919,TV Show,Title 919,United Kingdom,2017-07-07,Action
s920,TV Show,Title 920,Canada,2017-07-08,Action
s921,TV Show,Title 921,India,2017-07-09,Documentary
s922,TV Show,Title 922,Japan,2017-07-10,Action
s923,TV Show,Title 923,Canada,2017-07-11,Documentary
s924,Movie,Title 924,United States,2017-07-12,Romance
s925,TV Show,Title 925,United Kingdom,2017-07-13,Comedy
s926,Movie,Title 926,United States,2017-07-14,Documentary
s927,TV Show,Title 927,Canada,2017-07-15,Romance
s928,Movie,Title 928,India,2017-07-16,Documentary
s929,TV Show,Title 929,Canada,2017-07-17,Documentary
s930,TV Show,Title 930,Japan,2017-07-18,Comedy
s931,Movie,Title 931,Japan,2017-07-19,Drama
s932,Movie,Title 932,Japan,2017-07-20,Action
s933,Movie,Title 933,Japan,2017-07-21,Drama
s934,Movie,Title 934,India,2017-07-22,Comedy
s935,Movie,Title 935,India,2017-07-23,Action
s936,Movie,Title 936,United States,2017-07-24,Action
s937,Movie,Title 937,Canada,2017-07-25,Action
s938,TV Show,Title 938,United Kingdom,2017-07-26,Documentary
s939,Movie,Title 939,Japan,2017-07-27,Romance
s940,Movie,Title 940,United Kingdom,2017-07-28,Action
s941,TV Show,Title 941,United States,2017-07-29,Drama
s942,TV Show,Title 942,United States,2017-07-30,Documentary
s943,TV Show,Title 943,Japan,2017-07-31,Drama
s944,Movie,Title 944,United States,2017-08-01,Drama
s945,TV Show,Title 945,India,2017-08-02,Documentary
s946,Movie,Title 946,India,2017-08-03,Action
s947,Movie,Title 947,United Kingdom,2017-08-04,Comedy
s948,TV Show,Title 948,Canada,2017-08-05,Documentary
s949,TV Show,Title 949,India,2017-08-06,Drama
s950,TV Show,Title 950,Canada,2017-08-07,Documentary
s951,TV Show,Title 951,India,2017-08-08,Action
s952,TV Show,Title 952,India,2017-08-09,Romance
s953,TV Show,Title 953,Japan,2017-08-10,Action
s954,Movie,Title 954,United States,2017-08-11,Action
s955,TV Show,Title 955,Japan,2017-08-12,Documentary
s956,Movie,Title 956,Japan,2017-08-13,Drama
s957,Movie,Title 957,United Kingdom,2017-08-14,Documentary
s958,Movie,Title 958,Canada,2017-08-15,Comedy
s959,Movie,Title 959,United States,2017-08-16,Documentary
s960,TV Show,Title 960,United Kingdom,2017-08-17,Drama
s961,TV Show,Title 961,Japan,2017-08-18,Drama
s962,TV Show,Title 962,India,2017-08-19,Comedy
s963,Movie,Title 963,Japan,2017-08-20,Romance
s964,Movie,Title 964,Japan,2017-08-21,Documentary
s965,Movie,Title 965,Japan,2017-08-22,Romance
s966,Movie,Title 966,United Kingdom,2017-08-23,Action
s967,Movie,Title 967,United Kingdom,2017-08-24,Comedy
s968,TV Show,Title 968,United Kingdom,2017-08-25,Drama
s969,TV Show,Title 969,Canada,2017-08-26,Action
s970,Movie,Title 970,India,2017-08-27,Romance
s971,TV Show,Title 971,Canada,2017-08-28,Comedy
s972,Movie,Title 972,United Kingdom,2017-08-29,Drama
s973,TV Show,Title 973,Japan,2017-08-30,Action
s974,Movie,Title 974,United Kingdom,2017-08-31,Documentary
s975,Movie,Title 975,Canada,2017-09-01,Action
s976,Movie,Title 976,United States,2017-09-02,Romance
s977,Movie,Title 977,United States,2017-09-03,Drama
s978,Movie,Title 978,Canada,2017-09-04,Action
s979,Movie,Title 979,Japan,2017-09-05,Action
s980,Movie,Title 980,United Kingdom,2017-09-06,Documentary
s981,TV Show,Title 981,India,2017-09-07,Comedy
s982,Movie,Title 982,United Kingdom,2017-09-08,Action
s983,Movie,Title 983,United Kingdom,2017-09-09,Drama
s984,Movie,Title 984,Japan,2017-09-10,Drama
s985,TV Show,Title 985,Canada,2017-09-11,Romance
s986,TV Show,Title 986,Japan,2017-09-12,Comedy
s987,TV Show,Title 987,United States,2017-09-13,Action
s988,TV Show,Title 988,India,2017-09-14,Documentary
s989,TV Show,Title 989,Canada,2017-09-15,Comedy
s990,TV Show,Title 990,United States,2017-09-16,Documentary
s991,TV Show,Title 991,India,2017-09-17,Documentary
s992,TV Show,Title 992,United States,2017-09-18,Drama
s993,Movie,Title 993,United States,2017-09-19,Documentary
s994,TV Show,Title 994,Japan,2017-09-20,Romance
s995,TV Show,Title 995,Canada,2017-09-21,Comedy
s996,Movie,Title 996,India,2017-09-22,Action
s997,Movie,Title 997,India,2017-09-23,Documentary
s998,TV Show,Title 998,Canada,2017-09-24,Romance
s999,Movie,Title 999,United States,2017-09-25,Action
s1000,Movie,Title 1000,Japan,2017-09-26,Comedy
